chr,start,end,size,mean_cov,mean_rm,mean_zscore,max_zscore
gi|549058243|emb|JB409847.1|,4757,5014,257,1065.2140077821011,823.0,4.420587845425634,4.683124432351254
