chr,start,end,size,mean_cov,mean_rm,mean_zscore,max_zscore
gi|549058243|emb|JB409847.1|,4756,5020,264,1064.5113636363637,823.0,4.532374450851753,4.814558163683394
