chr,start,end,size,mean_cov,mean_rm,mean_zscore,max_zscore
gi|549058243|emb|JB409847.1|,3553,4252,699,24.59370529327611,917.62660944206,-15.767641822150274,-16.2002715624264
gi|549058243|emb|JB409847.1|,5399,6212,813,401.34317343173433,877.5940959409594,-8.843748630647886,-12.929432158858969
gi|549058243|emb|JB409847.1|,9344,9561,217,766.705069124424,1044.0276497695852,-4.429146432989428,-4.812515237627263
gi|549058243|emb|JB409847.1|,17045,17048,3,1.0,1007.0,-16.184354064739136,-16.2002715624264
gi|549058243|emb|JB409847.1|,17052,17053,1,4.0,1006.0,-16.136538281428095,-16.136538281428095
gi|549058243|emb|JB409847.1|,17186,17525,339,676.7935103244838,987.3038348082596,-5.213208040484996,-6.95968840402635
gi|549058243|emb|JB409847.1|,19257,19258,1,13.0,962.0,-15.98366453308757,-15.98366453308757
gi|549058243|emb|JB409847.1|,19554,19722,168,684.3214285714286,962.0,-4.79805373506004,-5.469892570564272
