chr,start,end,size,mean_cov,mean_rm,mean_zscore,max_zscore
gi|549058243|emb|JB409847.1|,3553,4252,699,24.59370529327611,917.62660944206,-15.442027553441081,-15.865050324700812
gi|549058243|emb|JB409847.1|,5400,6211,811,400.6880394574599,877.5943279901356,-8.683524815299444,-12.666843128034783
gi|549058243|emb|JB409847.1|,9351,9548,197,763.7664974619289,1043.9746192893401,-4.398832139106052,-4.730170332693633
gi|549058243|emb|JB409847.1|,17045,17048,3,1.0,1007.0,-15.849486290709784,-15.865050324700812
gi|549058243|emb|JB409847.1|,17052,17053,1,4.0,1006.0,-15.802732303909696,-15.802732303909696
gi|549058243|emb|JB409847.1|,17224,17523,299,664.2006688963211,986.3879598662207,-5.310659377744614,-6.829663406482566
